Device Name,Category,Type,Estimated Energy Usage per Hour (kW)
Sony Bravia XR v1,TVs,Electronics,0.052
Hisense U8H v2,TVs,Electronics,0.053
TCL 6-Series v3,TVs,Electronics,0.055
Samsung QN90A v4,TVs,Electronics,0.056
Hisense U8H v5,TVs,Electronics,0.058
Sony Bravia XR v6,TVs,Electronics,0.059
Samsung QN90A v7,TVs,Electronics,0.061
TCL 6-Series v8,TVs,Electronics,0.062
Samsung QN90A v9,TVs,Electronics,0.064
LG C2 OLED v10,TVs,Electronics,0.065
Samsung QN90A v11,TVs,Electronics,0.067
TCL 6-Series v12,TVs,Electronics,0.068
Hisense U8H v13,TVs,Electronics,0.07
Sony Bravia XR v14,TVs,Electronics,0.071
Hisense U8H v15,TVs,Electronics,0.073
TCL 6-Series v16,TVs,Electronics,0.074
LG C2 OLED v17,TVs,Electronics,0.076
Samsung QN90A v18,TVs,Electronics,0.077
LG C2 OLED v19,TVs,Electronics,0.079
Hisense U8H v20,TVs,Electronics,0.08
LG C2 OLED v21,TVs,Electronics,0.082
LG C2 OLED v22,TVs,Electronics,0.083
LG C2 OLED v23,TVs,Electronics,0.085
Hisense U8H v24,TVs,Electronics,0.086
TCL 6-Series v25,TVs,Electronics,0.088
Samsung QN90A v26,TVs,Electronics,0.089
TCL 6-Series v27,TVs,Electronics,0.091
TCL 6-Series v28,TVs,Electronics,0.092
Hisense U8H v29,TVs,Electronics,0.093
LG C2 OLED v30,TVs,Electronics,0.095
Sony Bravia XR v31,TVs,Electronics,0.097
LG C2 OLED v32,TVs,Electronics,0.098
TCL 6-Series v33,TVs,Electronics,0.1
Sony Bravia XR v34,TVs,Electronics,0.101
Hisense U8H v35,TVs,Electronics,0.103
TCL 6-Series v36,TVs,Electronics,0.104
Sony Bravia XR v37,TVs,Electronics,0.106
Samsung QN90A v38,TVs,Electronics,0.107
TCL 6-Series v39,TVs,Electronics,0.109
Samsung QN90A v40,TVs,Electronics,0.11
TCL 6-Series v41,TVs,Electronics,0.112
Samsung QN90A v42,TVs,Electronics,0.113
LG C2 OLED v43,TVs,Electronics,0.115
Hisense U8H v44,TVs,Electronics,0.116
Samsung QN90A v45,TVs,Electronics,0.118
Sony Bravia XR v46,TVs,Electronics,0.119
Samsung QN90A v47,TVs,Electronics,0.121
Samsung QN90A v48,TVs,Electronics,0.122
Sony Bravia XR v49,TVs,Electronics,0.124
Sony Bravia XR v50,TVs,Electronics,0.125
Sony Bravia XR v51,TVs,Electronics,0.127
TCL 6-Series v52,TVs,Electronics,0.128
Samsung QN90A v53,TVs,Electronics,0.13
TCL 6-Series v54,TVs,Electronics,0.131
Samsung QN90A v55,TVs,Electronics,0.133
TCL 6-Series v56,TVs,Electronics,0.134
LG C2 OLED v57,TVs,Electronics,0.136
LG C2 OLED v58,TVs,Electronics,0.137
LG C2 OLED v59,TVs,Electronics,0.139
Hisense U8H v60,TVs,Electronics,0.14
TCL 6-Series v61,TVs,Electronics,0.142
TCL 6-Series v62,TVs,Electronics,0.143
Sony Bravia XR v63,TVs,Electronics,0.145
Hisense U8H v64,TVs,Electronics,0.146
Sony Bravia XR v65,TVs,Electronics,0.148
Sony Bravia XR v66,TVs,Electronics,0.149
TCL 6-Series v67,TVs,Electronics,0.151
TCL 6-Series v68,TVs,Electronics,0.152
Samsung QN90A v69,TVs,Electronics,0.154
Hisense U8H v70,TVs,Electronics,0.155
LG C2 OLED v71,TVs,Electronics,0.157
Samsung QN90A v72,TVs,Electronics,0.158
LG C2 OLED v73,TVs,Electronics,0.16
Samsung QN90A v74,TVs,Electronics,0.161
TCL 6-Series v75,TVs,Electronics,0.163
Sony Bravia XR v76,TVs,Electronics,0.164
TCL 6-Series v77,TVs,Electronics,0.166
TCL 6-Series v78,TVs,Electronics,0.167
LG C2 OLED v79,TVs,Electronics,0.169
Hisense U8H v80,TVs,Electronics,0.17
LG C2 OLED v81,TVs,Electronics,0.172
TCL 6-Series v82,TVs,Electronics,0.173
Hisense U8H v83,TVs,Electronics,0.175
Hisense U8H v84,TVs,Electronics,0.176
Samsung QN90A v85,TVs,Electronics,0.177
TCL 6-Series v86,TVs,Electronics,0.179
Hisense U8H v87,TVs,Electronics,0.18
Sony Bravia XR v88,TVs,Electronics,0.182
Samsung QN90A v89,TVs,Electronics,0.184
Samsung QN90A v90,TVs,Electronics,0.185
Samsung QN90A v91,TVs,Electronics,0.187
Sony Bravia XR v92,TVs,Electronics,0.188
TCL 6-Series v93,TVs,Electronics,0.19
Sony Bravia XR v94,TVs,Electronics,0.191
TCL 6-Series v95,TVs,Electronics,0.193
Hisense U8H v96,TVs,Electronics,0.194
Hisense U8H v97,TVs,Electronics,0.196
Samsung QN90A v98,TVs,Electronics,0.197
LG C2 OLED v99,TVs,Electronics,0.199
LG C2 OLED v100,TVs,Electronics,0.2
Ninja Foodi Air Fryer v1,Kitchen Appliances,Appliance,0.114
Ninja Foodi Air Fryer v2,Kitchen Appliances,Appliance,0.128
Philips Airfryer v3,Kitchen Appliances,Appliance,0.142
Philips Airfryer v4,Kitchen Appliances,Appliance,0.156
Philips Airfryer v5,Kitchen Appliances,Appliance,0.17
Ninja Foodi Air Fryer v6,Kitchen Appliances,Appliance,0.184
GE Smart Microwave v7,Kitchen Appliances,Appliance,0.198
GE Smart Microwave v8,Kitchen Appliances,Appliance,0.212
Ninja Foodi Air Fryer v9,Kitchen Appliances,Appliance,0.226
GE Smart Microwave v10,Kitchen Appliances,Appliance,0.24
Breville Smart Oven v11,Kitchen Appliances,Appliance,0.254
Breville Smart Oven v12,Kitchen Appliances,Appliance,0.268
Philips Airfryer v13,Kitchen Appliances,Appliance,0.282
GE Smart Microwave v14,Kitchen Appliances,Appliance,0.296
Breville Smart Oven v15,Kitchen Appliances,Appliance,0.31
Philips Airfryer v16,Kitchen Appliances,Appliance,0.324
GE Smart Microwave v17,Kitchen Appliances,Appliance,0.338
GE Smart Microwave v18,Kitchen Appliances,Appliance,0.352
GE Smart Microwave v19,Kitchen Appliances,Appliance,0.366
GE Smart Microwave v20,Kitchen Appliances,Appliance,0.38
Instant Pot Smart WiFi v21,Kitchen Appliances,Appliance,0.394
Philips Airfryer v22,Kitchen Appliances,Appliance,0.408
Ninja Foodi Air Fryer v23,Kitchen Appliances,Appliance,0.422
Instant Pot Smart WiFi v24,Kitchen Appliances,Appliance,0.436
Breville Smart Oven v25,Kitchen Appliances,Appliance,0.45
Ninja Foodi Air Fryer v26,Kitchen Appliances,Appliance,0.464
GE Smart Microwave v27,Kitchen Appliances,Appliance,0.478
Instant Pot Smart WiFi v28,Kitchen Appliances,Appliance,0.492
Instant Pot Smart WiFi v29,Kitchen Appliances,Appliance,0.506
Ninja Foodi Air Fryer v30,Kitchen Appliances,Appliance,0.52
Instant Pot Smart WiFi v31,Kitchen Appliances,Appliance,0.534
Ninja Foodi Air Fryer v32,Kitchen Appliances,Appliance,0.548
Instant Pot Smart WiFi v33,Kitchen Appliances,Appliance,0.562
GE Smart Microwave v34,Kitchen Appliances,Appliance,0.576
Breville Smart Oven v35,Kitchen Appliances,Appliance,0.59
Breville Smart Oven v36,Kitchen Appliances,Appliance,0.604
Ninja Foodi Air Fryer v37,Kitchen Appliances,Appliance,0.618
GE Smart Microwave v38,Kitchen Appliances,Appliance,0.632
Ninja Foodi Air Fryer v39,Kitchen Appliances,Appliance,0.646
Ninja Foodi Air Fryer v40,Kitchen Appliances,Appliance,0.66
Philips Airfryer v41,Kitchen Appliances,Appliance,0.674
GE Smart Microwave v42,Kitchen Appliances,Appliance,0.688
Philips Airfryer v43,Kitchen Appliances,Appliance,0.702
GE Smart Microwave v44,Kitchen Appliances,Appliance,0.716
Ninja Foodi Air Fryer v45,Kitchen Appliances,Appliance,0.73
Instant Pot Smart WiFi v46,Kitchen Appliances,Appliance,0.744
Philips Airfryer v47,Kitchen Appliances,Appliance,0.758
Ninja Foodi Air Fryer v48,Kitchen Appliances,Appliance,0.772
Ninja Foodi Air Fryer v49,Kitchen Appliances,Appliance,0.786
Philips Airfryer v50,Kitchen Appliances,Appliance,0.8
Ninja Foodi Air Fryer v51,Kitchen Appliances,Appliance,0.814
Instant Pot Smart WiFi v52,Kitchen Appliances,Appliance,0.828
Breville Smart Oven v53,Kitchen Appliances,Appliance,0.842
Philips Airfryer v54,Kitchen Appliances,Appliance,0.856
GE Smart Microwave v55,Kitchen Appliances,Appliance,0.87
Instant Pot Smart WiFi v56,Kitchen Appliances,Appliance,0.884
Instant Pot Smart WiFi v57,Kitchen Appliances,Appliance,0.898
GE Smart Microwave v58,Kitchen Appliances,Appliance,0.912
Instant Pot Smart WiFi v59,Kitchen Appliances,Appliance,0.926
Philips Airfryer v60,Kitchen Appliances,Appliance,0.94
Philips Airfryer v61,Kitchen Appliances,Appliance,0.954
Breville Smart Oven v62,Kitchen Appliances,Appliance,0.968
Breville Smart Oven v63,Kitchen Appliances,Appliance,0.982
GE Smart Microwave v64,Kitchen Appliances,Appliance,0.996
Instant Pot Smart WiFi v65,Kitchen Appliances,Appliance,1.01
GE Smart Microwave v66,Kitchen Appliances,Appliance,1.024
Instant Pot Smart WiFi v67,Kitchen Appliances,Appliance,1.038
Instant Pot Smart WiFi v68,Kitchen Appliances,Appliance,1.052
Philips Airfryer v69,Kitchen Appliances,Appliance,1.066
Breville Smart Oven v70,Kitchen Appliances,Appliance,1.08
GE Smart Microwave v71,Kitchen Appliances,Appliance,1.094
GE Smart Microwave v72,Kitchen Appliances,Appliance,1.108
Philips Airfryer v73,Kitchen Appliances,Appliance,1.122
Breville Smart Oven v74,Kitchen Appliances,Appliance,1.136
Ninja Foodi Air Fryer v75,Kitchen Appliances,Appliance,1.15
Ninja Foodi Air Fryer v76,Kitchen Appliances,Appliance,1.164
GE Smart Microwave v77,Kitchen Appliances,Appliance,1.178
Breville Smart Oven v78,Kitchen Appliances,Appliance,1.192
Instant Pot Smart WiFi v79,Kitchen Appliances,Appliance,1.206
Breville Smart Oven v80,Kitchen Appliances,Appliance,1.22
Philips Airfryer v81,Kitchen Appliances,Appliance,1.234
Ninja Foodi Air Fryer v82,Kitchen Appliances,Appliance,1.248
Instant Pot Smart WiFi v83,Kitchen Appliances,Appliance,1.262
Ninja Foodi Air Fryer v84,Kitchen Appliances,Appliance,1.276
Ninja Foodi Air Fryer v85,Kitchen Appliances,Appliance,1.29
Breville Smart Oven v86,Kitchen Appliances,Appliance,1.304
Instant Pot Smart WiFi v87,Kitchen Appliances,Appliance,1.318
Breville Smart Oven v88,Kitchen Appliances,Appliance,1.332
Breville Smart Oven v89,Kitchen Appliances,Appliance,1.346
Philips Airfryer v90,Kitchen Appliances,Appliance,1.36
Breville Smart Oven v91,Kitchen Appliances,Appliance,1.374
Instant Pot Smart WiFi v92,Kitchen Appliances,Appliance,1.388
Breville Smart Oven v93,Kitchen Appliances,Appliance,1.402
GE Smart Microwave v94,Kitchen Appliances,Appliance,1.416
Breville Smart Oven v95,Kitchen Appliances,Appliance,1.43
Philips Airfryer v96,Kitchen Appliances,Appliance,1.444
GE Smart Microwave v97,Kitchen Appliances,Appliance,1.458
GE Smart Microwave v98,Kitchen Appliances,Appliance,1.472
Philips Airfryer v99,Kitchen Appliances,Appliance,1.486
Philips Airfryer v100,Kitchen Appliances,Appliance,1.5
Philips Hue Bulb v1,Lighting,Lighting,0.005
LIFX A19 v2,Lighting,Lighting,0.006
Wyze Bulb Color v3,Lighting,Lighting,0.006
Govee Smart LED v4,Lighting,Lighting,0.007
Govee Smart LED v5,Lighting,Lighting,0.007
Nanoleaf Shapes v6,Lighting,Lighting,0.008
Wyze Bulb Color v7,Lighting,Lighting,0.008
LIFX A19 v8,Lighting,Lighting,0.009
Govee Smart LED v9,Lighting,Lighting,0.009
Philips Hue Bulb v10,Lighting,Lighting,0.01
LIFX A19 v11,Lighting,Lighting,0.01
Philips Hue Bulb v12,Lighting,Lighting,0.01
Wyze Bulb Color v13,Lighting,Lighting,0.011
Govee Smart LED v14,Lighting,Lighting,0.011
Wyze Bulb Color v15,Lighting,Lighting,0.012
Nanoleaf Shapes v16,Lighting,Lighting,0.012
Wyze Bulb Color v17,Lighting,Lighting,0.013
LIFX A19 v18,Lighting,Lighting,0.013
LIFX A19 v19,Lighting,Lighting,0.014
Nanoleaf Shapes v20,Lighting,Lighting,0.014
Govee Smart LED v21,Lighting,Lighting,0.014
Philips Hue Bulb v22,Lighting,Lighting,0.015
Nanoleaf Shapes v23,Lighting,Lighting,0.015
Nanoleaf Shapes v24,Lighting,Lighting,0.016
LIFX A19 v25,Lighting,Lighting,0.016
Nanoleaf Shapes v26,Lighting,Lighting,0.017
Nanoleaf Shapes v27,Lighting,Lighting,0.017
Nanoleaf Shapes v28,Lighting,Lighting,0.018
LIFX A19 v29,Lighting,Lighting,0.018
Govee Smart LED v30,Lighting,Lighting,0.019
Philips Hue Bulb v31,Lighting,Lighting,0.019
LIFX A19 v32,Lighting,Lighting,0.019
Wyze Bulb Color v33,Lighting,Lighting,0.02
Govee Smart LED v34,Lighting,Lighting,0.02
Govee Smart LED v35,Lighting,Lighting,0.021
Philips Hue Bulb v36,Lighting,Lighting,0.021
Philips Hue Bulb v37,Lighting,Lighting,0.022
Philips Hue Bulb v38,Lighting,Lighting,0.022
Govee Smart LED v39,Lighting,Lighting,0.023
Govee Smart LED v40,Lighting,Lighting,0.023
Nanoleaf Shapes v41,Lighting,Lighting,0.023
Nanoleaf Shapes v42,Lighting,Lighting,0.024
Govee Smart LED v43,Lighting,Lighting,0.024
Nanoleaf Shapes v44,Lighting,Lighting,0.025
Philips Hue Bulb v45,Lighting,Lighting,0.025
LIFX A19 v46,Lighting,Lighting,0.026
Nanoleaf Shapes v47,Lighting,Lighting,0.026
Philips Hue Bulb v48,Lighting,Lighting,0.027
Wyze Bulb Color v49,Lighting,Lighting,0.027
LIFX A19 v50,Lighting,Lighting,0.028
Wyze Bulb Color v51,Lighting,Lighting,0.028
Wyze Bulb Color v52,Lighting,Lighting,0.028
Wyze Bulb Color v53,Lighting,Lighting,0.029
Govee Smart LED v54,Lighting,Lighting,0.029
Govee Smart LED v55,Lighting,Lighting,0.03
Nanoleaf Shapes v56,Lighting,Lighting,0.03
Nanoleaf Shapes v57,Lighting,Lighting,0.031
Philips Hue Bulb v58,Lighting,Lighting,0.031
Philips Hue Bulb v59,Lighting,Lighting,0.032
Wyze Bulb Color v60,Lighting,Lighting,0.032
Wyze Bulb Color v61,Lighting,Lighting,0.032
LIFX A19 v62,Lighting,Lighting,0.033
Nanoleaf Shapes v63,Lighting,Lighting,0.033
Wyze Bulb Color v64,Lighting,Lighting,0.034
Nanoleaf Shapes v65,Lighting,Lighting,0.034
Philips Hue Bulb v66,Lighting,Lighting,0.035
Nanoleaf Shapes v67,Lighting,Lighting,0.035
Govee Smart LED v68,Lighting,Lighting,0.036
Philips Hue Bulb v69,Lighting,Lighting,0.036
Philips Hue Bulb v70,Lighting,Lighting,0.036
Govee Smart LED v71,Lighting,Lighting,0.037
LIFX A19 v72,Lighting,Lighting,0.037
LIFX A19 v73,Lighting,Lighting,0.038
Govee Smart LED v74,Lighting,Lighting,0.038
Wyze Bulb Color v75,Lighting,Lighting,0.039
LIFX A19 v76,Lighting,Lighting,0.039
Wyze Bulb Color v77,Lighting,Lighting,0.04
Philips Hue Bulb v78,Lighting,Lighting,0.04
Nanoleaf Shapes v79,Lighting,Lighting,0.041
LIFX A19 v80,Lighting,Lighting,0.041
Philips Hue Bulb v81,Lighting,Lighting,0.041
Nanoleaf Shapes v82,Lighting,Lighting,0.042
Nanoleaf Shapes v83,Lighting,Lighting,0.042
Nanoleaf Shapes v84,Lighting,Lighting,0.043
Wyze Bulb Color v85,Lighting,Lighting,0.043
Philips Hue Bulb v86,Lighting,Lighting,0.044
Govee Smart LED v87,Lighting,Lighting,0.044
Philips Hue Bulb v88,Lighting,Lighting,0.045
LIFX A19 v89,Lighting,Lighting,0.045
LIFX A19 v90,Lighting,Lighting,0.046
Wyze Bulb Color v91,Lighting,Lighting,0.046
Wyze Bulb Color v92,Lighting,Lighting,0.046
Nanoleaf Shapes v93,Lighting,Lighting,0.047
Nanoleaf Shapes v94,Lighting,Lighting,0.047
Wyze Bulb Color v95,Lighting,Lighting,0.048
Philips Hue Bulb v96,Lighting,Lighting,0.048
LIFX A19 v97,Lighting,Lighting,0.049
Wyze Bulb Color v98,Lighting,Lighting,0.049
Govee Smart LED v99,Lighting,Lighting,0.05
Govee Smart LED v100,Lighting,Lighting,0.05
Dyson Pure Cool v1,Air Purifiers/Air Conditioners,Appliance,0.119
Levoit Core 300S v2,Air Purifiers/Air Conditioners,Appliance,0.138
Honeywell HPA300 v3,Air Purifiers/Air Conditioners,Appliance,0.157
Honeywell HPA300 v4,Air Purifiers/Air Conditioners,Appliance,0.176
Levoit Core 300S v5,Air Purifiers/Air Conditioners,Appliance,0.195
Midea U Inverter AC v6,Air Purifiers/Air Conditioners,Appliance,0.214
Levoit Core 300S v7,Air Purifiers/Air Conditioners,Appliance,0.233
Dyson Pure Cool v8,Air Purifiers/Air Conditioners,Appliance,0.252
Dyson Pure Cool v9,Air Purifiers/Air Conditioners,Appliance,0.271
Blueair 211+ v10,Air Purifiers/Air Conditioners,Appliance,0.29
Honeywell HPA300 v11,Air Purifiers/Air Conditioners,Appliance,0.309
Dyson Pure Cool v12,Air Purifiers/Air Conditioners,Appliance,0.328
Midea U Inverter AC v13,Air Purifiers/Air Conditioners,Appliance,0.347
Midea U Inverter AC v14,Air Purifiers/Air Conditioners,Appliance,0.366
Levoit Core 300S v15,Air Purifiers/Air Conditioners,Appliance,0.385
Midea U Inverter AC v16,Air Purifiers/Air Conditioners,Appliance,0.404
Dyson Pure Cool v17,Air Purifiers/Air Conditioners,Appliance,0.423
Levoit Core 300S v18,Air Purifiers/Air Conditioners,Appliance,0.442
Dyson Pure Cool v19,Air Purifiers/Air Conditioners,Appliance,0.461
Blueair 211+ v20,Air Purifiers/Air Conditioners,Appliance,0.48
Levoit Core 300S v21,Air Purifiers/Air Conditioners,Appliance,0.499
Honeywell HPA300 v22,Air Purifiers/Air Conditioners,Appliance,0.518
Honeywell HPA300 v23,Air Purifiers/Air Conditioners,Appliance,0.537
Blueair 211+ v24,Air Purifiers/Air Conditioners,Appliance,0.556
Honeywell HPA300 v25,Air Purifiers/Air Conditioners,Appliance,0.575
Blueair 211+ v26,Air Purifiers/Air Conditioners,Appliance,0.594
Midea U Inverter AC v27,Air Purifiers/Air Conditioners,Appliance,0.613
Dyson Pure Cool v28,Air Purifiers/Air Conditioners,Appliance,0.632
Dyson Pure Cool v29,Air Purifiers/Air Conditioners,Appliance,0.651
Midea U Inverter AC v30,Air Purifiers/Air Conditioners,Appliance,0.67
Blueair 211+ v31,Air Purifiers/Air Conditioners,Appliance,0.689
Midea U Inverter AC v32,Air Purifiers/Air Conditioners,Appliance,0.708
Dyson Pure Cool v33,Air Purifiers/Air Conditioners,Appliance,0.727
Honeywell HPA300 v34,Air Purifiers/Air Conditioners,Appliance,0.746
Levoit Core 300S v35,Air Purifiers/Air Conditioners,Appliance,0.765
Blueair 211+ v36,Air Purifiers/Air Conditioners,Appliance,0.784
Dyson Pure Cool v37,Air Purifiers/Air Conditioners,Appliance,0.803
Midea U Inverter AC v38,Air Purifiers/Air Conditioners,Appliance,0.822
Dyson Pure Cool v39,Air Purifiers/Air Conditioners,Appliance,0.841
Levoit Core 300S v40,Air Purifiers/Air Conditioners,Appliance,0.86
Dyson Pure Cool v41,Air Purifiers/Air Conditioners,Appliance,0.879
Levoit Core 300S v42,Air Purifiers/Air Conditioners,Appliance,0.898
Blueair 211+ v43,Air Purifiers/Air Conditioners,Appliance,0.917
Midea U Inverter AC v44,Air Purifiers/Air Conditioners,Appliance,0.936
Dyson Pure Cool v45,Air Purifiers/Air Conditioners,Appliance,0.955
Dyson Pure Cool v46,Air Purifiers/Air Conditioners,Appliance,0.974
Dyson Pure Cool v47,Air Purifiers/Air Conditioners,Appliance,0.993
Levoit Core 300S v48,Air Purifiers/Air Conditioners,Appliance,1.012
Honeywell HPA300 v49,Air Purifiers/Air Conditioners,Appliance,1.031
Dyson Pure Cool v50,Air Purifiers/Air Conditioners,Appliance,1.05
Levoit Core 300S v51,Air Purifiers/Air Conditioners,Appliance,1.069
Levoit Core 300S v52,Air Purifiers/Air Conditioners,Appliance,1.088
Levoit Core 300S v53,Air Purifiers/Air Conditioners,Appliance,1.107
Midea U Inverter AC v54,Air Purifiers/Air Conditioners,Appliance,1.126
Midea U Inverter AC v55,Air Purifiers/Air Conditioners,Appliance,1.145
Dyson Pure Cool v56,Air Purifiers/Air Conditioners,Appliance,1.164
Midea U Inverter AC v57,Air Purifiers/Air Conditioners,Appliance,1.183
Midea U Inverter AC v58,Air Purifiers/Air Conditioners,Appliance,1.202
Honeywell HPA300 v59,Air Purifiers/Air Conditioners,Appliance,1.221
Dyson Pure Cool v60,Air Purifiers/Air Conditioners,Appliance,1.24
Midea U Inverter AC v61,Air Purifiers/Air Conditioners,Appliance,1.259
Levoit Core 300S v62,Air Purifiers/Air Conditioners,Appliance,1.278
Midea U Inverter AC v63,Air Purifiers/Air Conditioners,Appliance,1.297
Levoit Core 300S v64,Air Purifiers/Air Conditioners,Appliance,1.316
Honeywell HPA300 v65,Air Purifiers/Air Conditioners,Appliance,1.335
Blueair 211+ v66,Air Purifiers/Air Conditioners,Appliance,1.354
Blueair 211+ v67,Air Purifiers/Air Conditioners,Appliance,1.373
Levoit Core 300S v68,Air Purifiers/Air Conditioners,Appliance,1.392
Midea U Inverter AC v69,Air Purifiers/Air Conditioners,Appliance,1.411
Levoit Core 300S v70,Air Purifiers/Air Conditioners,Appliance,1.43
Midea U Inverter AC v71,Air Purifiers/Air Conditioners,Appliance,1.449
Blueair 211+ v72,Air Purifiers/Air Conditioners,Appliance,1.468
Midea U Inverter AC v73,Air Purifiers/Air Conditioners,Appliance,1.487
Dyson Pure Cool v74,Air Purifiers/Air Conditioners,Appliance,1.506
Honeywell HPA300 v75,Air Purifiers/Air Conditioners,Appliance,1.525
Honeywell HPA300 v76,Air Purifiers/Air Conditioners,Appliance,1.544
Levoit Core 300S v77,Air Purifiers/Air Conditioners,Appliance,1.563
Honeywell HPA300 v78,Air Purifiers/Air Conditioners,Appliance,1.582
Blueair 211+ v79,Air Purifiers/Air Conditioners,Appliance,1.601
Dyson Pure Cool v80,Air Purifiers/Air Conditioners,Appliance,1.62
Midea U Inverter AC v81,Air Purifiers/Air Conditioners,Appliance,1.639
Blueair 211+ v82,Air Purifiers/Air Conditioners,Appliance,1.658
Blueair 211+ v83,Air Purifiers/Air Conditioners,Appliance,1.677
Levoit Core 300S v84,Air Purifiers/Air Conditioners,Appliance,1.696
Levoit Core 300S v85,Air Purifiers/Air Conditioners,Appliance,1.715
Dyson Pure Cool v86,Air Purifiers/Air Conditioners,Appliance,1.734
Levoit Core 300S v87,Air Purifiers/Air Conditioners,Appliance,1.753
Honeywell HPA300 v88,Air Purifiers/Air Conditioners,Appliance,1.772
Blueair 211+ v89,Air Purifiers/Air Conditioners,Appliance,1.791
Levoit Core 300S v90,Air Purifiers/Air Conditioners,Appliance,1.81
Levoit Core 300S v91,Air Purifiers/Air Conditioners,Appliance,1.829
Blueair 211+ v92,Air Purifiers/Air Conditioners,Appliance,1.848
Levoit Core 300S v93,Air Purifiers/Air Conditioners,Appliance,1.867
Levoit Core 300S v94,Air Purifiers/Air Conditioners,Appliance,1.886
Midea U Inverter AC v95,Air Purifiers/Air Conditioners,Appliance,1.905
Levoit Core 300S v96,Air Purifiers/Air Conditioners,Appliance,1.924
Dyson Pure Cool v97,Air Purifiers/Air Conditioners,Appliance,1.943
Dyson Pure Cool v98,Air Purifiers/Air Conditioners,Appliance,1.962
Dyson Pure Cool v99,Air Purifiers/Air Conditioners,Appliance,1.981
Blueair 211+ v100,Air Purifiers/Air Conditioners,Appliance,2
Samsung WF45T6000AW v1,Washing Machines,Appliance,0.21
LG ThinQ WM4500 v2,Washing Machines,Appliance,0.22
Whirlpool WFW5620HW v3,Washing Machines,Appliance,0.23
Whirlpool WFW5620HW v4,Washing Machines,Appliance,0.24
LG ThinQ WM4500 v5,Washing Machines,Appliance,0.25
Whirlpool WFW5620HW v6,Washing Machines,Appliance,0.26
Whirlpool WFW5620HW v7,Washing Machines,Appliance,0.27
LG ThinQ WM4500 v8,Washing Machines,Appliance,0.28
Bosch 300 Series v9,Washing Machines,Appliance,0.29
LG ThinQ WM4500 v10,Washing Machines,Appliance,0.3
GE UltraFresh Vent v11,Washing Machines,Appliance,0.31
Whirlpool WFW5620HW v12,Washing Machines,Appliance,0.32
Bosch 300 Series v13,Washing Machines,Appliance,0.33
Samsung WF45T6000AW v14,Washing Machines,Appliance,0.34
LG ThinQ WM4500 v15,Washing Machines,Appliance,0.35
LG ThinQ WM4500 v16,Washing Machines,Appliance,0.36
Whirlpool WFW5620HW v17,Washing Machines,Appliance,0.37
LG ThinQ WM4500 v18,Washing Machines,Appliance,0.38
Whirlpool WFW5620HW v19,Washing Machines,Appliance,0.39
LG ThinQ WM4500 v20,Washing Machines,Appliance,0.4
Samsung WF45T6000AW v21,Washing Machines,Appliance,0.41
LG ThinQ WM4500 v22,Washing Machines,Appliance,0.42
GE UltraFresh Vent v23,Washing Machines,Appliance,0.43
Bosch 300 Series v24,Washing Machines,Appliance,0.44
Bosch 300 Series v25,Washing Machines,Appliance,0.45
Whirlpool WFW5620HW v26,Washing Machines,Appliance,0.46
GE UltraFresh Vent v27,Washing Machines,Appliance,0.47
Whirlpool WFW5620HW v28,Washing Machines,Appliance,0.48
GE UltraFresh Vent v29,Washing Machines,Appliance,0.49
Bosch 300 Series v30,Washing Machines,Appliance,0.5
Whirlpool WFW5620HW v31,Washing Machines,Appliance,0.51
LG ThinQ WM4500 v32,Washing Machines,Appliance,0.52
Bosch 300 Series v33,Washing Machines,Appliance,0.53
Bosch 300 Series v34,Washing Machines,Appliance,0.54
Whirlpool WFW5620HW v35,Washing Machines,Appliance,0.55
Samsung WF45T6000AW v36,Washing Machines,Appliance,0.56
Whirlpool WFW5620HW v37,Washing Machines,Appliance,0.57
LG ThinQ WM4500 v38,Washing Machines,Appliance,0.58
GE UltraFresh Vent v39,Washing Machines,Appliance,0.59
Samsung WF45T6000AW v40,Washing Machines,Appliance,0.6
LG ThinQ WM4500 v41,Washing Machines,Appliance,0.61
LG ThinQ WM4500 v42,Washing Machines,Appliance,0.62
GE UltraFresh Vent v43,Washing Machines,Appliance,0.63
Samsung WF45T6000AW v44,Washing Machines,Appliance,0.64
Whirlpool WFW5620HW v45,Washing Machines,Appliance,0.65
Bosch 300 Series v46,Washing Machines,Appliance,0.66
Samsung WF45T6000AW v47,Washing Machines,Appliance,0.67
GE UltraFresh Vent v48,Washing Machines,Appliance,0.68
Bosch 300 Series v49,Washing Machines,Appliance,0.69
Bosch 300 Series v50,Washing Machines,Appliance,0.7
Whirlpool WFW5620HW v51,Washing Machines,Appliance,0.71
GE UltraFresh Vent v52,Washing Machines,Appliance,0.72
Whirlpool WFW5620HW v53,Washing Machines,Appliance,0.73
LG ThinQ WM4500 v54,Washing Machines,Appliance,0.74
LG ThinQ WM4500 v55,Washing Machines,Appliance,0.75
LG ThinQ WM4500 v56,Washing Machines,Appliance,0.76
GE UltraFresh Vent v57,Washing Machines,Appliance,0.77
Bosch 300 Series v58,Washing Machines,Appliance,0.78
LG ThinQ WM4500 v59,Washing Machines,Appliance,0.79
LG ThinQ WM4500 v60,Washing Machines,Appliance,0.8
Samsung WF45T6000AW v61,Washing Machines,Appliance,0.81
LG ThinQ WM4500 v62,Washing Machines,Appliance,0.82
Whirlpool WFW5620HW v63,Washing Machines,Appliance,0.83
LG ThinQ WM4500 v64,Washing Machines,Appliance,0.84
Whirlpool WFW5620HW v65,Washing Machines,Appliance,0.85
Bosch 300 Series v66,Washing Machines,Appliance,0.86
Samsung WF45T6000AW v67,Washing Machines,Appliance,0.87
Whirlpool WFW5620HW v68,Washing Machines,Appliance,0.88
Samsung WF45T6000AW v69,Washing Machines,Appliance,0.89
GE UltraFresh Vent v70,Washing Machines,Appliance,0.9
Bosch 300 Series v71,Washing Machines,Appliance,0.91
Whirlpool WFW5620HW v72,Washing Machines,Appliance,0.92
Samsung WF45T6000AW v73,Washing Machines,Appliance,0.93
Bosch 300 Series v74,Washing Machines,Appliance,0.94
Samsung WF45T6000AW v75,Washing Machines,Appliance,0.95
Bosch 300 Series v76,Washing Machines,Appliance,0.96
LG ThinQ WM4500 v77,Washing Machines,Appliance,0.97
Samsung WF45T6000AW v78,Washing Machines,Appliance,0.98
LG ThinQ WM4500 v79,Washing Machines,Appliance,0.99
LG ThinQ WM4500 v80,Washing Machines,Appliance,1
LG ThinQ WM4500 v81,Washing Machines,Appliance,1.01
Bosch 300 Series v82,Washing Machines,Appliance,1.02
Whirlpool WFW5620HW v83,Washing Machines,Appliance,1.03
Samsung WF45T6000AW v84,Washing Machines,Appliance,1.04
GE UltraFresh Vent v85,Washing Machines,Appliance,1.05
Bosch 300 Series v86,Washing Machines,Appliance,1.06
Whirlpool WFW5620HW v87,Washing Machines,Appliance,1.07
Samsung WF45T6000AW v88,Washing Machines,Appliance,1.08
Samsung WF45T6000AW v89,Washing Machines,Appliance,1.09
Samsung WF45T6000AW v90,Washing Machines,Appliance,1.1
GE UltraFresh Vent v91,Washing Machines,Appliance,1.11
Whirlpool WFW5620HW v92,Washing Machines,Appliance,1.12
Samsung WF45T6000AW v93,Washing Machines,Appliance,1.13
Bosch 300 Series v94,Washing Machines,Appliance,1.14
GE UltraFresh Vent v95,Washing Machines,Appliance,1.15
GE UltraFresh Vent v96,Washing Machines,Appliance,1.16
Bosch 300 Series v97,Washing Machines,Appliance,1.17
Whirlpool WFW5620HW v98,Washing Machines,Appliance,1.18
LG ThinQ WM4500 v99,Washing Machines,Appliance,1.19
Bosch 300 Series v100,Washing Machines,Appliance,1.2
Whirlpool Side-by-Side v1,Refrigerators,Appliance,0.051
Frigidaire Gallery v2,Refrigerators,Appliance,0.052
Frigidaire Gallery v3,Refrigerators,Appliance,0.053
Whirlpool Side-by-Side v4,Refrigerators,Appliance,0.054
Frigidaire Gallery v5,Refrigerators,Appliance,0.055
Frigidaire Gallery v6,Refrigerators,Appliance,0.056
Samsung Family Hub v7,Refrigerators,Appliance,0.057
GE Profile Smart v8,Refrigerators,Appliance,0.058
LG InstaView v9,Refrigerators,Appliance,0.059
Whirlpool Side-by-Side v10,Refrigerators,Appliance,0.06
Frigidaire Gallery v11,Refrigerators,Appliance,0.061
GE Profile Smart v12,Refrigerators,Appliance,0.062
LG InstaView v13,Refrigerators,Appliance,0.063
GE Profile Smart v14,Refrigerators,Appliance,0.064
LG InstaView v15,Refrigerators,Appliance,0.065
Samsung Family Hub v16,Refrigerators,Appliance,0.066
Whirlpool Side-by-Side v17,Refrigerators,Appliance,0.067
LG InstaView v18,Refrigerators,Appliance,0.068
LG InstaView v19,Refrigerators,Appliance,0.069
Whirlpool Side-by-Side v20,Refrigerators,Appliance,0.07
Whirlpool Side-by-Side v21,Refrigerators,Appliance,0.071
Whirlpool Side-by-Side v22,Refrigerators,Appliance,0.072
GE Profile Smart v23,Refrigerators,Appliance,0.073
Whirlpool Side-by-Side v24,Refrigerators,Appliance,0.074
Samsung Family Hub v25,Refrigerators,Appliance,0.075
Samsung Family Hub v26,Refrigerators,Appliance,0.076
Whirlpool Side-by-Side v27,Refrigerators,Appliance,0.077
GE Profile Smart v28,Refrigerators,Appliance,0.078
LG InstaView v29,Refrigerators,Appliance,0.079
Samsung Family Hub v30,Refrigerators,Appliance,0.08
Whirlpool Side-by-Side v31,Refrigerators,Appliance,0.081
Samsung Family Hub v32,Refrigerators,Appliance,0.082
GE Profile Smart v33,Refrigerators,Appliance,0.083
LG InstaView v34,Refrigerators,Appliance,0.084
Samsung Family Hub v35,Refrigerators,Appliance,0.085
LG InstaView v36,Refrigerators,Appliance,0.086
Samsung Family Hub v37,Refrigerators,Appliance,0.087
Samsung Family Hub v38,Refrigerators,Appliance,0.088
GE Profile Smart v39,Refrigerators,Appliance,0.089
Whirlpool Side-by-Side v40,Refrigerators,Appliance,0.09
LG InstaView v41,Refrigerators,Appliance,0.091
LG InstaView v42,Refrigerators,Appliance,0.092
Samsung Family Hub v43,Refrigerators,Appliance,0.093
GE Profile Smart v44,Refrigerators,Appliance,0.094
Frigidaire Gallery v45,Refrigerators,Appliance,0.095
LG InstaView v46,Refrigerators,Appliance,0.096
Whirlpool Side-by-Side v47,Refrigerators,Appliance,0.097
Whirlpool Side-by-Side v48,Refrigerators,Appliance,0.098
Frigidaire Gallery v49,Refrigerators,Appliance,0.099
Whirlpool Side-by-Side v50,Refrigerators,Appliance,0.1
LG InstaView v51,Refrigerators,Appliance,0.101
LG InstaView v52,Refrigerators,Appliance,0.102
Whirlpool Side-by-Side v53,Refrigerators,Appliance,0.103
LG InstaView v54,Refrigerators,Appliance,0.104
GE Profile Smart v55,Refrigerators,Appliance,0.105
LG InstaView v56,Refrigerators,Appliance,0.106
Whirlpool Side-by-Side v57,Refrigerators,Appliance,0.107
LG InstaView v58,Refrigerators,Appliance,0.108
Samsung Family Hub v59,Refrigerators,Appliance,0.109
Whirlpool Side-by-Side v60,Refrigerators,Appliance,0.11
Samsung Family Hub v61,Refrigerators,Appliance,0.111
LG InstaView v62,Refrigerators,Appliance,0.112
Samsung Family Hub v63,Refrigerators,Appliance,0.113
Whirlpool Side-by-Side v64,Refrigerators,Appliance,0.114
Frigidaire Gallery v65,Refrigerators,Appliance,0.115
Whirlpool Side-by-Side v66,Refrigerators,Appliance,0.116
Frigidaire Gallery v67,Refrigerators,Appliance,0.117
Frigidaire Gallery v68,Refrigerators,Appliance,0.118
LG InstaView v69,Refrigerators,Appliance,0.119
LG InstaView v70,Refrigerators,Appliance,0.12
LG InstaView v71,Refrigerators,Appliance,0.121
GE Profile Smart v72,Refrigerators,Appliance,0.122
Whirlpool Side-by-Side v73,Refrigerators,Appliance,0.123
LG InstaView v74,Refrigerators,Appliance,0.124
Whirlpool Side-by-Side v75,Refrigerators,Appliance,0.125
Frigidaire Gallery v76,Refrigerators,Appliance,0.126
GE Profile Smart v77,Refrigerators,Appliance,0.127
Whirlpool Side-by-Side v78,Refrigerators,Appliance,0.128
LG InstaView v79,Refrigerators,Appliance,0.129
GE Profile Smart v80,Refrigerators,Appliance,0.13
LG InstaView v81,Refrigerators,Appliance,0.131
Whirlpool Side-by-Side v82,Refrigerators,Appliance,0.132
GE Profile Smart v83,Refrigerators,Appliance,0.133
LG InstaView v84,Refrigerators,Appliance,0.134
LG InstaView v85,Refrigerators,Appliance,0.135
GE Profile Smart v86,Refrigerators,Appliance,0.136
Whirlpool Side-by-Side v87,Refrigerators,Appliance,0.137
GE Profile Smart v88,Refrigerators,Appliance,0.138
Frigidaire Gallery v89,Refrigerators,Appliance,0.139
Frigidaire Gallery v90,Refrigerators,Appliance,0.14
LG InstaView v91,Refrigerators,Appliance,0.141
Frigidaire Gallery v92,Refrigerators,Appliance,0.142
LG InstaView v93,Refrigerators,Appliance,0.143
Samsung Family Hub v94,Refrigerators,Appliance,0.144
Whirlpool Side-by-Side v95,Refrigerators,Appliance,0.145
Whirlpool Side-by-Side v96,Refrigerators,Appliance,0.146
GE Profile Smart v97,Refrigerators,Appliance,0.147
LG InstaView v98,Refrigerators,Appliance,0.148
Frigidaire Gallery v99,Refrigerators,Appliance,0.149
Frigidaire Gallery v100,Refrigerators,Appliance,0.15
Shark IQ Robot v1,Vacuum Cleaners,Appliance,0.208
Dyson V15 Detect v2,Vacuum Cleaners,Appliance,0.216
Roomba i7+ v3,Vacuum Cleaners,Appliance,0.224
Roomba i7+ v4,Vacuum Cleaners,Appliance,0.232
Neato D10 v5,Vacuum Cleaners,Appliance,0.24
Shark IQ Robot v6,Vacuum Cleaners,Appliance,0.248
Dyson V15 Detect v7,Vacuum Cleaners,Appliance,0.256
Neato D10 v8,Vacuum Cleaners,Appliance,0.264
Shark IQ Robot v9,Vacuum Cleaners,Appliance,0.272
Dyson V15 Detect v10,Vacuum Cleaners,Appliance,0.28
Roomba i7+ v11,Vacuum Cleaners,Appliance,0.288
Roomba i7+ v12,Vacuum Cleaners,Appliance,0.296
Dyson V15 Detect v13,Vacuum Cleaners,Appliance,0.304
Eufy RoboVac X8 v14,Vacuum Cleaners,Appliance,0.312
Dyson V15 Detect v15,Vacuum Cleaners,Appliance,0.32
Eufy RoboVac X8 v16,Vacuum Cleaners,Appliance,0.328
Eufy RoboVac X8 v17,Vacuum Cleaners,Appliance,0.336
Neato D10 v18,Vacuum Cleaners,Appliance,0.344
Neato D10 v19,Vacuum Cleaners,Appliance,0.352
Shark IQ Robot v20,Vacuum Cleaners,Appliance,0.36
Eufy RoboVac X8 v21,Vacuum Cleaners,Appliance,0.368
Dyson V15 Detect v22,Vacuum Cleaners,Appliance,0.376
Roomba i7+ v23,Vacuum Cleaners,Appliance,0.384
Roomba i7+ v24,Vacuum Cleaners,Appliance,0.392
Dyson V15 Detect v25,Vacuum Cleaners,Appliance,0.4
Eufy RoboVac X8 v26,Vacuum Cleaners,Appliance,0.408
Roomba i7+ v27,Vacuum Cleaners,Appliance,0.416
Neato D10 v28,Vacuum Cleaners,Appliance,0.424
Roomba i7+ v29,Vacuum Cleaners,Appliance,0.432
Roomba i7+ v30,Vacuum Cleaners,Appliance,0.44
Neato D10 v31,Vacuum Cleaners,Appliance,0.448
Neato D10 v32,Vacuum Cleaners,Appliance,0.456
Roomba i7+ v33,Vacuum Cleaners,Appliance,0.464
Shark IQ Robot v34,Vacuum Cleaners,Appliance,0.472
Shark IQ Robot v35,Vacuum Cleaners,Appliance,0.48
Eufy RoboVac X8 v36,Vacuum Cleaners,Appliance,0.488
Roomba i7+ v37,Vacuum Cleaners,Appliance,0.496
Neato D10 v38,Vacuum Cleaners,Appliance,0.504
Eufy RoboVac X8 v39,Vacuum Cleaners,Appliance,0.512
Roomba i7+ v40,Vacuum Cleaners,Appliance,0.52
Eufy RoboVac X8 v41,Vacuum Cleaners,Appliance,0.528
Dyson V15 Detect v42,Vacuum Cleaners,Appliance,0.536
Eufy RoboVac X8 v43,Vacuum Cleaners,Appliance,0.544
Eufy RoboVac X8 v44,Vacuum Cleaners,Appliance,0.552
Roomba i7+ v45,Vacuum Cleaners,Appliance,0.56
Roomba i7+ v46,Vacuum Cleaners,Appliance,0.568
Dyson V15 Detect v47,Vacuum Cleaners,Appliance,0.576
Dyson V15 Detect v48,Vacuum Cleaners,Appliance,0.584
Neato D10 v49,Vacuum Cleaners,Appliance,0.592
Neato D10 v50,Vacuum Cleaners,Appliance,0.6
Roomba i7+ v51,Vacuum Cleaners,Appliance,0.608
Shark IQ Robot v52,Vacuum Cleaners,Appliance,0.616
Roomba i7+ v53,Vacuum Cleaners,Appliance,0.624
Shark IQ Robot v54,Vacuum Cleaners,Appliance,0.632
Shark IQ Robot v55,Vacuum Cleaners,Appliance,0.64
Roomba i7+ v56,Vacuum Cleaners,Appliance,0.648
Neato D10 v57,Vacuum Cleaners,Appliance,0.656
Dyson V15 Detect v58,Vacuum Cleaners,Appliance,0.664
Shark IQ Robot v59,Vacuum Cleaners,Appliance,0.672
Roomba i7+ v60,Vacuum Cleaners,Appliance,0.68
Eufy RoboVac X8 v61,Vacuum Cleaners,Appliance,0.688
Eufy RoboVac X8 v62,Vacuum Cleaners,Appliance,0.696
Neato D10 v63,Vacuum Cleaners,Appliance,0.704
Dyson V15 Detect v64,Vacuum Cleaners,Appliance,0.712
Neato D10 v65,Vacuum Cleaners,Appliance,0.72
Roomba i7+ v66,Vacuum Cleaners,Appliance,0.728
Neato D10 v67,Vacuum Cleaners,Appliance,0.736
Dyson V15 Detect v68,Vacuum Cleaners,Appliance,0.744
Neato D10 v69,Vacuum Cleaners,Appliance,0.752
Eufy RoboVac X8 v70,Vacuum Cleaners,Appliance,0.76
Shark IQ Robot v71,Vacuum Cleaners,Appliance,0.768
Roomba i7+ v72,Vacuum Cleaners,Appliance,0.776
Shark IQ Robot v73,Vacuum Cleaners,Appliance,0.784
Dyson V15 Detect v74,Vacuum Cleaners,Appliance,0.792
Eufy RoboVac X8 v75,Vacuum Cleaners,Appliance,0.8
Shark IQ Robot v76,Vacuum Cleaners,Appliance,0.808
Shark IQ Robot v77,Vacuum Cleaners,Appliance,0.816
Eufy RoboVac X8 v78,Vacuum Cleaners,Appliance,0.824
Eufy RoboVac X8 v79,Vacuum Cleaners,Appliance,0.832
Shark IQ Robot v80,Vacuum Cleaners,Appliance,0.84
Neato D10 v81,Vacuum Cleaners,Appliance,0.848
Neato D10 v82,Vacuum Cleaners,Appliance,0.856
Roomba i7+ v83,Vacuum Cleaners,Appliance,0.864
Eufy RoboVac X8 v84,Vacuum Cleaners,Appliance,0.872
Neato D10 v85,Vacuum Cleaners,Appliance,0.88
Eufy RoboVac X8 v86,Vacuum Cleaners,Appliance,0.888
Neato D10 v87,Vacuum Cleaners,Appliance,0.896
Dyson V15 Detect v88,Vacuum Cleaners,Appliance,0.904
Roomba i7+ v89,Vacuum Cleaners,Appliance,0.912
Roomba i7+ v90,Vacuum Cleaners,Appliance,0.92
Shark IQ Robot v91,Vacuum Cleaners,Appliance,0.928
Eufy RoboVac X8 v92,Vacuum Cleaners,Appliance,0.936
Roomba i7+ v93,Vacuum Cleaners,Appliance,0.944
Roomba i7+ v94,Vacuum Cleaners,Appliance,0.952
Dyson V15 Detect v95,Vacuum Cleaners,Appliance,0.96
Shark IQ Robot v96,Vacuum Cleaners,Appliance,0.968
Roomba i7+ v97,Vacuum Cleaners,Appliance,0.976
Shark IQ Robot v98,Vacuum Cleaners,Appliance,0.984
Neato D10 v99,Vacuum Cleaners,Appliance,0.992
Shark IQ Robot v100,Vacuum Cleaners,Appliance,1
Govee Smart Thermometer v1,Temperature Sensors,Sensor,0.001
Google Nest Temperature Sensor v2,Temperature Sensors,Sensor,0.001
Ecobee Smart Sensor v3,Temperature Sensors,Sensor,0.001
Aqara Temperature Sensor v4,Temperature Sensors,Sensor,0.001
Aqara Temperature Sensor v5,Temperature Sensors,Sensor,0.001
Govee Smart Thermometer v6,Temperature Sensors,Sensor,0.002
Google Nest Temperature Sensor v7,Temperature Sensors,Sensor,0.002
Aqara Temperature Sensor v8,Temperature Sensors,Sensor,0.002
Govee Smart Thermometer v9,Temperature Sensors,Sensor,0.002
Aqara Temperature Sensor v10,Temperature Sensors,Sensor,0.002
Ecobee Smart Sensor v11,Temperature Sensors,Sensor,0.002
Google Nest Temperature Sensor v12,Temperature Sensors,Sensor,0.002
Eve Room v13,Temperature Sensors,Sensor,0.002
Govee Smart Thermometer v14,Temperature Sensors,Sensor,0.002
Aqara Temperature Sensor v15,Temperature Sensors,Sensor,0.002
Ecobee Smart Sensor v16,Temperature Sensors,Sensor,0.002
Aqara Temperature Sensor v17,Temperature Sensors,Sensor,0.003
Eve Room v18,Temperature Sensors,Sensor,0.003
Ecobee Smart Sensor v19,Temperature Sensors,Sensor,0.003
Google Nest Temperature Sensor v20,Temperature Sensors,Sensor,0.003
Ecobee Smart Sensor v21,Temperature Sensors,Sensor,0.003
Govee Smart Thermometer v22,Temperature Sensors,Sensor,0.003
Eve Room v23,Temperature Sensors,Sensor,0.003
Govee Smart Thermometer v24,Temperature Sensors,Sensor,0.003
Govee Smart Thermometer v25,Temperature Sensors,Sensor,0.003
Govee Smart Thermometer v26,Temperature Sensors,Sensor,0.003
Google Nest Temperature Sensor v27,Temperature Sensors,Sensor,0.003
Ecobee Smart Sensor v28,Temperature Sensors,Sensor,0.004
Google Nest Temperature Sensor v29,Temperature Sensors,Sensor,0.004
Govee Smart Thermometer v30,Temperature Sensors,Sensor,0.004
Ecobee Smart Sensor v31,Temperature Sensors,Sensor,0.004
Govee Smart Thermometer v32,Temperature Sensors,Sensor,0.004
Aqara Temperature Sensor v33,Temperature Sensors,Sensor,0.004
Google Nest Temperature Sensor v34,Temperature Sensors,Sensor,0.004
Aqara Temperature Sensor v35,Temperature Sensors,Sensor,0.004
Google Nest Temperature Sensor v36,Temperature Sensors,Sensor,0.004
Eve Room v37,Temperature Sensors,Sensor,0.004
Govee Smart Thermometer v38,Temperature Sensors,Sensor,0.004
Google Nest Temperature Sensor v39,Temperature Sensors,Sensor,0.005
Eve Room v40,Temperature Sensors,Sensor,0.005
Govee Smart Thermometer v41,Temperature Sensors,Sensor,0.005
Ecobee Smart Sensor v42,Temperature Sensors,Sensor,0.005
Govee Smart Thermometer v43,Temperature Sensors,Sensor,0.005
Eve Room v44,Temperature Sensors,Sensor,0.005
Govee Smart Thermometer v45,Temperature Sensors,Sensor,0.005
Eve Room v46,Temperature Sensors,Sensor,0.005
Ecobee Smart Sensor v47,Temperature Sensors,Sensor,0.005
Google Nest Temperature Sensor v48,Temperature Sensors,Sensor,0.005
Google Nest Temperature Sensor v49,Temperature Sensors,Sensor,0.005
Google Nest Temperature Sensor v50,Temperature Sensors,Sensor,0.006
Ecobee Smart Sensor v51,Temperature Sensors,Sensor,0.006
Google Nest Temperature Sensor v52,Temperature Sensors,Sensor,0.006
Eve Room v53,Temperature Sensors,Sensor,0.006
Eve Room v54,Temperature Sensors,Sensor,0.006
Eve Room v55,Temperature Sensors,Sensor,0.006
Aqara Temperature Sensor v56,Temperature Sensors,Sensor,0.006
Eve Room v57,Temperature Sensors,Sensor,0.006
Govee Smart Thermometer v58,Temperature Sensors,Sensor,0.006
Govee Smart Thermometer v59,Temperature Sensors,Sensor,0.006
Govee Smart Thermometer v60,Temperature Sensors,Sensor,0.006
Govee Smart Thermometer v61,Temperature Sensors,Sensor,0.006
Eve Room v62,Temperature Sensors,Sensor,0.007
Govee Smart Thermometer v63,Temperature Sensors,Sensor,0.007
Ecobee Smart Sensor v64,Temperature Sensors,Sensor,0.007
Eve Room v65,Temperature Sensors,Sensor,0.007
Google Nest Temperature Sensor v66,Temperature Sensors,Sensor,0.007
Ecobee Smart Sensor v67,Temperature Sensors,Sensor,0.007
Google Nest Temperature Sensor v68,Temperature Sensors,Sensor,0.007
Google Nest Temperature Sensor v69,Temperature Sensors,Sensor,0.007
Ecobee Smart Sensor v70,Temperature Sensors,Sensor,0.007
Aqara Temperature Sensor v71,Temperature Sensors,Sensor,0.007
Google Nest Temperature Sensor v72,Temperature Sensors,Sensor,0.007
Google Nest Temperature Sensor v73,Temperature Sensors,Sensor,0.008
Govee Smart Thermometer v74,Temperature Sensors,Sensor,0.008
Eve Room v75,Temperature Sensors,Sensor,0.008
Google Nest Temperature Sensor v76,Temperature Sensors,Sensor,0.008
Govee Smart Thermometer v77,Temperature Sensors,Sensor,0.008
Aqara Temperature Sensor v78,Temperature Sensors,Sensor,0.008
Aqara Temperature Sensor v79,Temperature Sensors,Sensor,0.008
Aqara Temperature Sensor v80,Temperature Sensors,Sensor,0.008
Google Nest Temperature Sensor v81,Temperature Sensors,Sensor,0.008
Aqara Temperature Sensor v82,Temperature Sensors,Sensor,0.008
Eve Room v83,Temperature Sensors,Sensor,0.008
Ecobee Smart Sensor v84,Temperature Sensors,Sensor,0.009
Aqara Temperature Sensor v85,Temperature Sensors,Sensor,0.009
Govee Smart Thermometer v86,Temperature Sensors,Sensor,0.009
Govee Smart Thermometer v87,Temperature Sensors,Sensor,0.009
Google Nest Temperature Sensor v88,Temperature Sensors,Sensor,0.009
Aqara Temperature Sensor v89,Temperature Sensors,Sensor,0.009
Ecobee Smart Sensor v90,Temperature Sensors,Sensor,0.009
Google Nest Temperature Sensor v91,Temperature Sensors,Sensor,0.009
Aqara Temperature Sensor v92,Temperature Sensors,Sensor,0.009
Google Nest Temperature Sensor v93,Temperature Sensors,Sensor,0.009
Ecobee Smart Sensor v94,Temperature Sensors,Sensor,0.009
Ecobee Smart Sensor v95,Temperature Sensors,Sensor,0.01
Aqara Temperature Sensor v96,Temperature Sensors,Sensor,0.01
Google Nest Temperature Sensor v97,Temperature Sensors,Sensor,0.01
Eve Room v98,Temperature Sensors,Sensor,0.01
Ecobee Smart Sensor v99,Temperature Sensors,Sensor,0.01
Ecobee Smart Sensor v100,Temperature Sensors,Sensor,0.01
Google Nest Cam v1,Cameras,Security,0.005
EufyCam 2 Pro v2,Cameras,Security,0.006
Wyze Cam v3 v3,Cameras,Security,0.006
Ring Stick Up Cam v4,Cameras,Security,0.007
Arlo Pro 4 v5,Cameras,Security,0.007
Wyze Cam v3 v6,Cameras,Security,0.008
Google Nest Cam v7,Cameras,Security,0.008
Ring Stick Up Cam v8,Cameras,Security,0.009
Wyze Cam v3 v9,Cameras,Security,0.009
EufyCam 2 Pro v10,Cameras,Security,0.01
Wyze Cam v3 v11,Cameras,Security,0.01
Ring Stick Up Cam v12,Cameras,Security,0.01
EufyCam 2 Pro v13,Cameras,Security,0.011
Arlo Pro 4 v14,Cameras,Security,0.011
Wyze Cam v3 v15,Cameras,Security,0.012
Google Nest Cam v16,Cameras,Security,0.012
Google Nest Cam v17,Cameras,Security,0.013
Google Nest Cam v18,Cameras,Security,0.013
Arlo Pro 4 v19,Cameras,Security,0.014
Ring Stick Up Cam v20,Cameras,Security,0.014
Arlo Pro 4 v21,Cameras,Security,0.014
Wyze Cam v3 v22,Cameras,Security,0.015
EufyCam 2 Pro v23,Cameras,Security,0.015
EufyCam 2 Pro v24,Cameras,Security,0.016
Arlo Pro 4 v25,Cameras,Security,0.016
EufyCam 2 Pro v26,Cameras,Security,0.017
Google Nest Cam v27,Cameras,Security,0.017
Google Nest Cam v28,Cameras,Security,0.018
EufyCam 2 Pro v29,Cameras,Security,0.018
Arlo Pro 4 v30,Cameras,Security,0.019
Google Nest Cam v31,Cameras,Security,0.019
Google Nest Cam v32,Cameras,Security,0.019
Wyze Cam v3 v33,Cameras,Security,0.02
Google Nest Cam v34,Cameras,Security,0.02
EufyCam 2 Pro v35,Cameras,Security,0.021
Wyze Cam v3 v36,Cameras,Security,0.021
Ring Stick Up Cam v37,Cameras,Security,0.022
Google Nest Cam v38,Cameras,Security,0.022
Google Nest Cam v39,Cameras,Security,0.023
Google Nest Cam v40,Cameras,Security,0.023
Ring Stick Up Cam v41,Cameras,Security,0.023
EufyCam 2 Pro v42,Cameras,Security,0.024
Arlo Pro 4 v43,Cameras,Security,0.024
Ring Stick Up Cam v44,Cameras,Security,0.025
Arlo Pro 4 v45,Cameras,Security,0.025
Google Nest Cam v46,Cameras,Security,0.026
Google Nest Cam v47,Cameras,Security,0.026
Google Nest Cam v48,Cameras,Security,0.027
Wyze Cam v3 v49,Cameras,Security,0.027
Wyze Cam v3 v50,Cameras,Security,0.028
Google Nest Cam v51,Cameras,Security,0.028
Google Nest Cam v52,Cameras,Security,0.028
EufyCam 2 Pro v53,Cameras,Security,0.029
Arlo Pro 4 v54,Cameras,Security,0.029
EufyCam 2 Pro v55,Cameras,Security,0.03
Ring Stick Up Cam v56,Cameras,Security,0.03
Arlo Pro 4 v57,Cameras,Security,0.031
Google Nest Cam v58,Cameras,Security,0.031
Ring Stick Up Cam v59,Cameras,Security,0.032
Google Nest Cam v60,Cameras,Security,0.032
EufyCam 2 Pro v61,Cameras,Security,0.032
Arlo Pro 4 v62,Cameras,Security,0.033
EufyCam 2 Pro v63,Cameras,Security,0.033
Arlo Pro 4 v64,Cameras,Security,0.034
Ring Stick Up Cam v65,Cameras,Security,0.034
Wyze Cam v3 v66,Cameras,Security,0.035
Arlo Pro 4 v67,Cameras,Security,0.035
Google Nest Cam v68,Cameras,Security,0.036
Wyze Cam v3 v69,Cameras,Security,0.036
EufyCam 2 Pro v70,Cameras,Security,0.036
Wyze Cam v3 v71,Cameras,Security,0.037
Wyze Cam v3 v72,Cameras,Security,0.037
Wyze Cam v3 v73,Cameras,Security,0.038
EufyCam 2 Pro v74,Cameras,Security,0.038
EufyCam 2 Pro v75,Cameras,Security,0.039
Arlo Pro 4 v76,Cameras,Security,0.039
EufyCam 2 Pro v77,Cameras,Security,0.04
Google Nest Cam v78,Cameras,Security,0.04
Arlo Pro 4 v79,Cameras,Security,0.041
Arlo Pro 4 v80,Cameras,Security,0.041
Ring Stick Up Cam v81,Cameras,Security,0.041
Wyze Cam v3 v82,Cameras,Security,0.042
Arlo Pro 4 v83,Cameras,Security,0.042
Ring Stick Up Cam v84,Cameras,Security,0.043
Wyze Cam v3 v85,Cameras,Security,0.043
Ring Stick Up Cam v86,Cameras,Security,0.044
Ring Stick Up Cam v87,Cameras,Security,0.044
Arlo Pro 4 v88,Cameras,Security,0.045
Wyze Cam v3 v89,Cameras,Security,0.045
Ring Stick Up Cam v90,Cameras,Security,0.046
Wyze Cam v3 v91,Cameras,Security,0.046
Arlo Pro 4 v92,Cameras,Security,0.046
Arlo Pro 4 v93,Cameras,Security,0.047
Arlo Pro 4 v94,Cameras,Security,0.047
Ring Stick Up Cam v95,Cameras,Security,0.048
Google Nest Cam v96,Cameras,Security,0.048
Google Nest Cam v97,Cameras,Security,0.049
Google Nest Cam v98,Cameras,Security,0.049
Arlo Pro 4 v99,Cameras,Security,0.05
EufyCam 2 Pro v100,Cameras,Security,0.05
